path,embedded_bits,extracted_bits,different_bits,ber,exact_match,first_mismatch
angle_coeff_test\angle_all\Fallout4_1080p_60_High,53832,53832,0,0.00000000,YES,
angle_coeff_test\angle_all\Fallout4_1080p_60_Low,31485,31485,0,0.00000000,YES,
angle_coeff_test\angle_all\Fallout4_1080p_60_Middle,50217,50217,0,0.00000000,YES,
angle_coeff_test\angle_all\Johnny_720p_60_High,21298,21298,0,0.00000000,YES,
angle_coeff_test\angle_all\Johnny_720p_60_Low,13962,13962,0,0.00000000,YES,
angle_coeff_test\angle_all\Johnny_720p_60_Middle,17286,17286,0,0.00000000,YES,
angle_coeff_test\angle_all\speed_bag_1080p_30_High,15047,15047,0,0.00000000,YES,
angle_coeff_test\angle_all\speed_bag_1080p_30_Low,8852,8852,0,0.00000000,YES,
angle_coeff_test\angle_all\speed_bag_1080p_30_Middle,15047,15047,0,0.00000000,YES,
angle_coeff_test\angle_aware\Fallout4_1080p_60_High,53276,53276,0,0.00000000,YES,
angle_coeff_test\angle_aware\Fallout4_1080p_60_Low,31527,31527,0,0.00000000,YES,
angle_coeff_test\angle_aware\Fallout4_1080p_60_Middle,49588,49588,0,0.00000000,YES,
angle_coeff_test\angle_aware\Johnny_720p_60_High,20431,20431,0,0.00000000,YES,
angle_coeff_test\angle_aware\Johnny_720p_60_Low,13597,13597,0,0.00000000,YES,
angle_coeff_test\angle_aware\Johnny_720p_60_Middle,16644,16644,0,0.00000000,YES,
angle_coeff_test\angle_aware\speed_bag_1080p_30_High,14760,14760,0,0.00000000,YES,
angle_coeff_test\angle_aware\speed_bag_1080p_30_Low,8909,8909,0,0.00000000,YES,
angle_coeff_test\angle_aware\speed_bag_1080p_30_Middle,14760,14760,0,0.00000000,YES,
angle_coeff_test\angle_dct\Fallout4_1080p_60_High,53358,53358,0,0.00000000,YES,
angle_coeff_test\angle_dct\Fallout4_1080p_60_Low,31534,31534,0,0.00000000,YES,
angle_coeff_test\angle_dct\Fallout4_1080p_60_Middle,49056,49056,0,0.00000000,YES,
angle_coeff_test\angle_dct\Johnny_720p_60_High,20119,20119,0,0.00000000,YES,
angle_coeff_test\angle_dct\Johnny_720p_60_Low,13498,13498,0,0.00000000,YES,
angle_coeff_test\angle_dct\Johnny_720p_60_Middle,17140,17140,0,0.00000000,YES,
angle_coeff_test\angle_dct\speed_bag_1080p_30_High,14399,14399,0,0.00000000,YES,
angle_coeff_test\angle_dct\speed_bag_1080p_30_Low,8901,8901,0,0.00000000,YES,
angle_coeff_test\angle_dct\speed_bag_1080p_30_Middle,14399,14399,0,0.00000000,YES,
angle_test\catania\Fallout4_1080p_60_High,46960,46960,0,0.00000000,YES,
angle_test\catania\Fallout4_1080p_60_Low,27592,27592,0,0.00000000,YES,
angle_test\catania\Fallout4_1080p_60_Middle,43539,43539,0,0.00000000,YES,
angle_test\catania\FourPeople_720p_60_High,24932,24932,0,0.00000000,YES,
angle_test\catania\FourPeople_720p_60_Low,20893,20893,0,0.00000000,YES,
angle_test\catania\FourPeople_720p_60_Middle,23843,23843,0,0.00000000,YES,
angle_test\catania\Johnny_720p_60_High,18019,18019,0,0.00000000,YES,
angle_test\catania\Johnny_720p_60_Low,12203,12203,0,0.00000000,YES,
angle_test\catania\Johnny_720p_60_Middle,14682,14682,0,0.00000000,YES,
angle_test\catania\KristenAndSara_720p_60_High,20014,20014,0,0.00000000,YES,
angle_test\catania\KristenAndSara_720p_60_Low,15175,15175,0,0.00000000,YES,
angle_test\catania\KristenAndSara_720p_60_Middle,18128,18128,0,0.00000000,YES,
angle_test\catania\speed_bag_1080p_30_High,12200,12200,0,0.00000000,YES,
angle_test\catania\speed_bag_1080p_30_Low,8081,8081,0,0.00000000,YES,
angle_test\catania\speed_bag_1080p_30_Middle,12200,12200,0,0.00000000,YES,
angle_test\center\Fallout4_1080p_60_High,37863,37863,0,0.00000000,YES,
angle_test\center\Fallout4_1080p_60_Low,23368,23368,0,0.00000000,YES,
angle_test\center\Fallout4_1080p_60_Middle,35477,35477,0,0.00000000,YES,
angle_test\center\FourPeople_720p_60_High,19892,19892,0,0.00000000,YES,
angle_test\center\FourPeople_720p_60_Low,17621,17621,0,0.00000000,YES,
angle_test\center\FourPeople_720p_60_Middle,19332,19332,0,0.00000000,YES,
angle_test\center\Johnny_720p_60_High,13472,13472,0,0.00000000,YES,
angle_test\center\Johnny_720p_60_Low,9365,9365,0,0.00000000,YES,
angle_test\center\Johnny_720p_60_Middle,11312,11312,0,0.00000000,YES,
angle_test\center\KristenAndSara_720p_60_High,15439,15439,0,0.00000000,YES,
angle_test\center\KristenAndSara_720p_60_Low,12127,12127,0,0.00000000,YES,
angle_test\center\KristenAndSara_720p_60_Middle,14513,14513,0,0.00000000,YES,
angle_test\center\speed_bag_1080p_30_High,9265,9265,0,0.00000000,YES,
angle_test\center\speed_bag_1080p_30_Low,6587,6587,0,0.00000000,YES,
angle_test\center\speed_bag_1080p_30_Middle,9265,9265,0,0.00000000,YES,
angle_test\rdo_cho\Fallout4_1080p_60_High,53081,53081,0,0.00000000,YES,
angle_test\rdo_cho\Fallout4_1080p_60_Low,31262,31262,0,0.00000000,YES,
angle_test\rdo_cho\Fallout4_1080p_60_Middle,49327,49327,0,0.00000000,YES,
angle_test\rdo_cho\FourPeople_720p_60_High,27925,27925,0,0.00000000,YES,
angle_test\rdo_cho\FourPeople_720p_60_Low,23812,23812,0,0.00000000,YES,
angle_test\rdo_cho\FourPeople_720p_60_Middle,26707,26707,0,0.00000000,YES,
angle_test\rdo_cho\Johnny_720p_60_High,20336,20336,0,0.00000000,YES,
angle_test\rdo_cho\Johnny_720p_60_Low,13578,13578,0,0.00000000,YES,
angle_test\rdo_cho\Johnny_720p_60_Middle,16327,16327,0,0.00000000,YES,
angle_test\rdo_cho\KristenAndSara_720p_60_High,22501,22501,0,0.00000000,YES,
angle_test\rdo_cho\KristenAndSara_720p_60_Low,16866,16866,0,0.00000000,YES,
angle_test\rdo_cho\KristenAndSara_720p_60_Middle,20367,20367,0,0.00000000,YES,
angle_test\rdo_cho\speed_bag_1080p_30_High,13524,13524,0,0.00000000,YES,
angle_test\rdo_cho\speed_bag_1080p_30_Low,8798,8798,0,0.00000000,YES,
angle_test\rdo_cho\speed_bag_1080p_30_Middle,13524,13524,0,0.00000000,YES,
AV1Stego\1024\Fallout4_1080p_60_High,0,0,0,0.00000000,YES,
AV1Stego\1024\Fallout4_1080p_60_Low,0,0,0,0.00000000,YES,
AV1Stego\1024\Fallout4_1080p_60_Middle,0,0,0,0.00000000,YES,
AV1Stego\1024\Johnny_720p_60_High,0,0,0,0.00000000,YES,
AV1Stego\1024\Johnny_720p_60_Low,0,0,0,0.00000000,YES,
AV1Stego\1024\Johnny_720p_60_Middle,0,0,0,0.00000000,YES,
AV1Stego\1024\speed_bag_1080p_30_High,0,0,0,0.00000000,YES,
AV1Stego\1024\speed_bag_1080p_30_Low,0,0,0,0.00000000,YES,
AV1Stego\1024\speed_bag_1080p_30_Middle,0,0,0,0.00000000,YES,
AV1Stego\256\Fallout4_1080p_60_High,0,0,0,0.00000000,YES,
AV1Stego\256\Fallout4_1080p_60_Low,0,0,0,0.00000000,YES,
AV1Stego\256\Fallout4_1080p_60_Middle,0,0,0,0.00000000,YES,
AV1Stego\256\Johnny_720p_60_High,0,0,0,0.00000000,YES,
AV1Stego\256\Johnny_720p_60_Low,0,0,0,0.00000000,YES,
AV1Stego\256\Johnny_720p_60_Middle,0,0,0,0.00000000,YES,
AV1Stego\256\speed_bag_1080p_30_High,0,0,0,0.00000000,YES,
AV1Stego\256\speed_bag_1080p_30_Low,0,0,0,0.00000000,YES,
AV1Stego\256\speed_bag_1080p_30_Middle,0,0,0,0.00000000,YES,
AV1Stego\512\Fallout4_1080p_60_High,0,0,0,0.00000000,YES,
AV1Stego\512\Fallout4_1080p_60_Low,0,0,0,0.00000000,YES,
AV1Stego\512\Fallout4_1080p_60_Middle,0,0,0,0.00000000,YES,
AV1Stego\512\Johnny_720p_60_High,0,0,0,0.00000000,YES,
AV1Stego\512\Johnny_720p_60_Low,0,0,0,0.00000000,YES,
AV1Stego\512\Johnny_720p_60_Middle,0,0,0,0.00000000,YES,
AV1Stego\512\speed_bag_1080p_30_High,0,0,0,0.00000000,YES,
AV1Stego\512\speed_bag_1080p_30_Low,0,0,0,0.00000000,YES,
AV1Stego\512\speed_bag_1080p_30_Middle,0,0,0,0.00000000,YES,
best_coeff_test\Fallout4_1080p_60_High,1163,1163,0,0.00000000,YES,
best_coeff_test\Fallout4_1080p_60_Low,30,30,0,0.00000000,YES,
best_coeff_test\Fallout4_1080p_60_Middle,622,622,0,0.00000000,YES,
best_coeff_test\FourPeople_720p_60_High,3177,3177,0,0.00000000,YES,
best_coeff_test\FourPeople_720p_60_Low,854,854,0,0.00000000,YES,
best_coeff_test\FourPeople_720p_60_Middle,2052,2052,0,0.00000000,YES,
best_coeff_test\Johnny_720p_60_High,1490,1490,0,0.00000000,YES,
best_coeff_test\Johnny_720p_60_Low,228,228,0,0.00000000,YES,
best_coeff_test\Johnny_720p_60_Middle,686,686,0,0.00000000,YES,
best_coeff_test\KristenAndSara_720p_60_High,2127,2127,0,0.00000000,YES,
best_coeff_test\KristenAndSara_720p_60_Low,505,505,0,0.00000000,YES,
best_coeff_test\KristenAndSara_720p_60_Middle,1317,1317,0,0.00000000,YES,
best_coeff_test\speed_bag_1080p_30_High,1566,1566,0,0.00000000,YES,
best_coeff_test\speed_bag_1080p_30_Low,88,88,0,0.00000000,YES,
best_coeff_test\speed_bag_1080p_30_Middle,1566,1566,0,0.00000000,YES,
coeff_test\bits_count_1\Fallout4_1080p_60_High,82525,82525,0,0.00000000,YES,
coeff_test\bits_count_1\Johnny_720p_60_High,29148,29148,0,0.00000000,YES,
coeff_test\bits_count_2\Fallout4_1080p_60_High,154932,154932,0,0.00000000,YES,
coeff_test\bits_count_2\Johnny_720p_60_High,56013,56013,0,0.00000000,YES,
coeff_test\bits_count_4\Fallout4_1080p_60_High,272085,272085,0,0.00000000,YES,
coeff_test\bits_count_4\Johnny_720p_60_High,100129,100129,0,0.00000000,YES,
coeff_test\bits_count_8\Fallout4_1080p_60_High,417817,417817,0,0.00000000,YES,
coeff_test\bits_count_8\Johnny_720p_60_High,162668,162668,0,0.00000000,YES,
coeff_test\br_range_LR_all\Fallout4_1080p_60_High,91910,91910,0,0.00000000,YES,
coeff_test\br_range_LR_all\Johnny_720p_60_High,46026,46026,0,0.00000000,YES,
coeff_test\br_range_LR_half\Fallout4_1080p_60_High,86290,86290,0,0.00000000,YES,
coeff_test\br_range_LR_half\Johnny_720p_60_High,42340,42340,0,0.00000000,YES,
coeff_test\eob_16\Fallout4_1080p_60_High,351758,351758,0,0.00000000,YES,
coeff_test\eob_16\Johnny_720p_60_High,243066,243066,0,0.00000000,YES,
coeff_test\eob_32\Fallout4_1080p_60_High,248841,248841,0,0.00000000,YES,
coeff_test\eob_32\Johnny_720p_60_High,192535,192535,0,0.00000000,YES,
coeff_test\eob_8\Fallout4_1080p_60_High,557682,557682,0,0.00000000,YES,
coeff_test\eob_8\Johnny_720p_60_High,287322,287322,0,0.00000000,YES,
coeff_test\nonzero_ratio_10\Fallout4_1080p_60_High,606858,606858,0,0.00000000,YES,
coeff_test\nonzero_ratio_10\Johnny_720p_60_High,309132,309132,0,0.00000000,YES,
coeff_test\nonzero_ratio_25\Fallout4_1080p_60_High,540691,540691,0,0.00000000,YES,
coeff_test\nonzero_ratio_25\Johnny_720p_60_High,290786,290786,0,0.00000000,YES,
coeff_test\nonzero_ratio_50\Fallout4_1080p_60_High,242331,242331,0,0.00000000,YES,
coeff_test\nonzero_ratio_50\Johnny_720p_60_High,119792,119792,0,0.00000000,YES,
coeff_test\scan_pos_3eob4\Fallout4_1080p_60_High,158532,158532,0,0.00000000,YES,
coeff_test\scan_pos_3eob4\Johnny_720p_60_High,69947,69947,0,0.00000000,YES,
coeff_test\scan_pos_eob2\Fallout4_1080p_60_High,284498,284498,0,0.00000000,YES,
coeff_test\scan_pos_eob2\Johnny_720p_60_High,134407,134407,0,0.00000000,YES,
coeff_test\scan_pos_eob4\Fallout4_1080p_60_High,460804,460804,0,0.00000000,YES,
coeff_test\scan_pos_eob4\Johnny_720p_60_High,227463,227463,0,0.00000000,YES,
coeff_test\transform_type_all\Fallout4_1080p_60_High,604315,604315,0,0.00000000,YES,
coeff_test\transform_type_all\Johnny_720p_60_High,313422,313422,0,0.00000000,YES,
coeff_test\transform_type_dct\Fallout4_1080p_60_High,92272,92272,0,0.00000000,YES,
coeff_test\transform_type_dct\Johnny_720p_60_High,59702,59702,0,0.00000000,YES,
coeff_test\transform_type_double_adst\Fallout4_1080p_60_High,121824,121824,0,0.00000000,YES,
coeff_test\transform_type_double_adst\Johnny_720p_60_High,60199,60199,0,0.00000000,YES,
coeff_test\transform_type_mix\Fallout4_1080p_60_High,228400,228400,0,0.00000000,YES,
coeff_test\transform_type_mix\Johnny_720p_60_High,152087,152087,0,0.00000000,YES,
coeff_test\transform_type_other\Fallout4_1080p_60_High,165099,165099,0,0.00000000,YES,
coeff_test\transform_type_other\Johnny_720p_60_High,43723,43723,0,0.00000000,YES,
hidden_bit_test\0\Fallout4_1080p_60_High,47534,47534,0,0.00000000,YES,
hidden_bit_test\0\Johnny_720p_60_High,18070,18070,0,0.00000000,YES,
hidden_bit_test\0_1\Fallout4_1080p_60_High,53089,53089,0,0.00000000,YES,
hidden_bit_test\0_1\Johnny_720p_60_High,19796,19796,0,0.00000000,YES,
hidden_bit_test\1\Fallout4_1080p_60_High,52686,52686,0,0.00000000,YES,
hidden_bit_test\1\Johnny_720p_60_High,18879,18879,0,0.00000000,YES,
lag_frame_test\Fallout4_1080p_60_High,100273,67141,53203,0.53058151,NO,27191
lag_frame_test\Johnny_720p_60_High,35233,23134,21937,0.62262651,NO,3551
ori_video\Fallout4_1080p_60_High,0,0,0,0.00000000,YES,
ori_video\Fallout4_1080p_60_Low,0,0,0,0.00000000,YES,
ori_video\Fallout4_1080p_60_Middle,0,0,0,0.00000000,YES,
ori_video\FourPeople_720p_60_High,0,0,0,0.00000000,YES,
ori_video\FourPeople_720p_60_Low,0,0,0,0.00000000,YES,
ori_video\FourPeople_720p_60_Middle,0,0,0,0.00000000,YES,
ori_video\Johnny_720p_60_High,0,0,0,0.00000000,YES,
ori_video\Johnny_720p_60_Low,0,0,0,0.00000000,YES,
ori_video\Johnny_720p_60_Middle,0,0,0,0.00000000,YES,
ori_video\KristenAndSara_720p_60_High,0,0,0,0.00000000,YES,
ori_video\KristenAndSara_720p_60_Low,0,0,0,0.00000000,YES,
ori_video\KristenAndSara_720p_60_Middle,0,0,0,0.00000000,YES,
ori_video\speed_bag_1080p_30_High,0,0,0,0.00000000,YES,
ori_video\speed_bag_1080p_30_Low,0,0,0,0.00000000,YES,
ori_video\speed_bag_1080p_30_Middle,0,0,0,0.00000000,YES,
StegAV1\1024\Fallout4_1080p_60_High,8216,8216,0,0.00000000,YES,
StegAV1\1024\Fallout4_1080p_60_Low,8216,8216,0,0.00000000,YES,
StegAV1\1024\Fallout4_1080p_60_Middle,8216,8216,0,0.00000000,YES,
StegAV1\1024\Johnny_720p_60_High,8216,8216,0,0.00000000,YES,
StegAV1\1024\Johnny_720p_60_Low,6716,6716,0,0.00000000,YES,
StegAV1\1024\Johnny_720p_60_Middle,8216,8216,0,0.00000000,YES,
StegAV1\1024\speed_bag_1080p_30_High,6597,6597,0,0.00000000,YES,
StegAV1\1024\speed_bag_1080p_30_Low,4422,4422,0,0.00000000,YES,
StegAV1\1024\speed_bag_1080p_30_Middle,6597,6597,0,0.00000000,YES,
StegAV1\256\Fallout4_1080p_60_High,2072,2072,0,0.00000000,YES,
StegAV1\256\Fallout4_1080p_60_Low,2072,2072,0,0.00000000,YES,
StegAV1\256\Fallout4_1080p_60_Middle,2072,2072,0,0.00000000,YES,
StegAV1\256\Johnny_720p_60_High,2072,2072,0,0.00000000,YES,
StegAV1\256\Johnny_720p_60_Low,2072,2072,0,0.00000000,YES,
StegAV1\256\Johnny_720p_60_Middle,2072,2072,0,0.00000000,YES,
StegAV1\256\speed_bag_1080p_30_High,2072,2072,0,0.00000000,YES,
StegAV1\256\speed_bag_1080p_30_Low,2072,2072,0,0.00000000,YES,
StegAV1\256\speed_bag_1080p_30_Middle,2072,2072,0,0.00000000,YES,
StegAV1\512\Fallout4_1080p_60_High,4120,4120,0,0.00000000,YES,
StegAV1\512\Fallout4_1080p_60_Low,4120,4120,0,0.00000000,YES,
StegAV1\512\Fallout4_1080p_60_Middle,4120,4120,0,0.00000000,YES,
StegAV1\512\Johnny_720p_60_High,4120,4120,0,0.00000000,YES,
StegAV1\512\Johnny_720p_60_Low,4120,4120,0,0.00000000,YES,
StegAV1\512\Johnny_720p_60_Middle,4120,4120,0,0.00000000,YES,
StegAV1\512\speed_bag_1080p_30_High,4120,4120,0,0.00000000,YES,
StegAV1\512\speed_bag_1080p_30_Low,4120,4120,0,0.00000000,YES,
StegAV1\512\speed_bag_1080p_30_Middle,4120,4120,0,0.00000000,YES,
without_D45\Fallout4_1080p_60_High,51048,51048,0,0.00000000,YES,
without_D45\Fallout4_1080p_60_Low,30022,30022,0,0.00000000,YES,
without_D45\Fallout4_1080p_60_Middle,47304,47304,0,0.00000000,YES,
without_D45\FourPeople_720p_60_High,26873,26873,0,0.00000000,YES,
without_D45\FourPeople_720p_60_Low,22680,22680,0,0.00000000,YES,
without_D45\FourPeople_720p_60_Middle,25339,25339,0,0.00000000,YES,
without_D45\Johnny_720p_60_High,19515,19515,0,0.00000000,YES,
without_D45\Johnny_720p_60_Low,12876,12876,0,0.00000000,YES,
without_D45\Johnny_720p_60_Middle,15853,15853,0,0.00000000,YES,
without_D45\KristenAndSara_720p_60_High,21652,21652,0,0.00000000,YES,
without_D45\KristenAndSara_720p_60_Low,16331,16331,0,0.00000000,YES,
without_D45\KristenAndSara_720p_60_Middle,19676,19676,0,0.00000000,YES,
without_D45\speed_bag_1080p_30_High,12888,12888,0,0.00000000,YES,
without_D45\speed_bag_1080p_30_Low,8555,8555,0,0.00000000,YES,
without_D45\speed_bag_1080p_30_Middle,12888,12888,0,0.00000000,YES,
