avif_file,yuv_file,status,avif_size,yuv_size,error
D:\碩士實驗\testdata\angle_coeff_test\angle_all\Fallout4_1080p_60_High\Fallout4_1080p_60_High_hidden_test.avif,D:\碩士實驗\testdata\angle_coeff_test\angle_all\Fallout4_1080p_60_High\Fallout4_1080p_60_High_hidden_test.yuv,OK,6590612,933120000,
D:\碩士實驗\testdata\angle_coeff_test\angle_all\Fallout4_1080p_60_Low\Fallout4_1080p_60_Low_hidden_test.avif,D:\碩士實驗\testdata\angle_coeff_test\angle_all\Fallout4_1080p_60_Low\Fallout4_1080p_60_Low_hidden_test.yuv,OK,1274984,933120000,
D:\碩士實驗\testdata\angle_coeff_test\angle_all\Fallout4_1080p_60_Middle\Fallout4_1080p_60_Middle_hidden_test.avif,D:\碩士實驗\testdata\angle_coeff_test\angle_all\Fallout4_1080p_60_Middle\Fallout4_1080p_60_Middle_hidden_test.yuv,OK,4455033,933120000,
D:\碩士實驗\testdata\angle_coeff_test\angle_all\Johnny_720p_60_High\Johnny_720p_60_High_hidden_test.avif,D:\碩士實驗\testdata\angle_coeff_test\angle_all\Johnny_720p_60_High\Johnny_720p_60_High_hidden_test.yuv,OK,3643623,414720000,
D:\碩士實驗\testdata\angle_coeff_test\angle_all\Johnny_720p_60_Low\Johnny_720p_60_Low_hidden_test.avif,D:\碩士實驗\testdata\angle_coeff_test\angle_all\Johnny_720p_60_Low\Johnny_720p_60_Low_hidden_test.yuv,OK,1037878,414720000,
D:\碩士實驗\testdata\angle_coeff_test\angle_all\Johnny_720p_60_Middle\Johnny_720p_60_Middle_hidden_test.avif,D:\碩士實驗\testdata\angle_coeff_test\angle_all\Johnny_720p_60_Middle\Johnny_720p_60_Middle_hidden_test.yuv,OK,1926647,414720000,
D:\碩士實驗\testdata\angle_coeff_test\angle_all\speed_bag_1080p_30_High\speed_bag_1080p_30_High_hidden_test.avif,D:\碩士實驗\testdata\angle_coeff_test\angle_all\speed_bag_1080p_30_High\speed_bag_1080p_30_High_hidden_test.yuv,OK,4184858,466560000,
D:\碩士實驗\testdata\angle_coeff_test\angle_all\speed_bag_1080p_30_Low\speed_bag_1080p_30_Low_hidden_test.avif,D:\碩士實驗\testdata\angle_coeff_test\angle_all\speed_bag_1080p_30_Low\speed_bag_1080p_30_Low_hidden_test.yuv,OK,789270,466560000,
D:\碩士實驗\testdata\angle_coeff_test\angle_all\speed_bag_1080p_30_Middle\speed_bag_1080p_30_Middle_hidden_test.avif,D:\碩士實驗\testdata\angle_coeff_test\angle_all\speed_bag_1080p_30_Middle\speed_bag_1080p_30_Middle_hidden_test.yuv,OK,2937781,466560000,
D:\碩士實驗\testdata\angle_coeff_test\angle_aware\Fallout4_1080p_60_High\Fallout4_1080p_60_High_hidden_test.avif,D:\碩士實驗\testdata\angle_coeff_test\angle_aware\Fallout4_1080p_60_High\Fallout4_1080p_60_High_hidden_test.yuv,OK,6573528,933120000,
D:\碩士實驗\testdata\angle_coeff_test\angle_aware\Fallout4_1080p_60_Low\Fallout4_1080p_60_Low_hidden_test.avif,D:\碩士實驗\testdata\angle_coeff_test\angle_aware\Fallout4_1080p_60_Low\Fallout4_1080p_60_Low_hidden_test.yuv,OK,1272195,933120000,
D:\碩士實驗\testdata\angle_coeff_test\angle_aware\Fallout4_1080p_60_Middle\Fallout4_1080p_60_Middle_hidden_test.avif,D:\碩士實驗\testdata\angle_coeff_test\angle_aware\Fallout4_1080p_60_Middle\Fallout4_1080p_60_Middle_hidden_test.yuv,OK,4447504,933120000,
D:\碩士實驗\testdata\angle_coeff_test\angle_aware\Johnny_720p_60_High\Johnny_720p_60_High_hidden_test.avif,D:\碩士實驗\testdata\angle_coeff_test\angle_aware\Johnny_720p_60_High\Johnny_720p_60_High_hidden_test.yuv,OK,3617562,414720000,
D:\碩士實驗\testdata\angle_coeff_test\angle_aware\Johnny_720p_60_Low\Johnny_720p_60_Low_hidden_test.avif,D:\碩士實驗\testdata\angle_coeff_test\angle_aware\Johnny_720p_60_Low\Johnny_720p_60_Low_hidden_test.yuv,OK,1025910,414720000,
D:\碩士實驗\testdata\angle_coeff_test\angle_aware\Johnny_720p_60_Middle\Johnny_720p_60_Middle_hidden_test.avif,D:\碩士實驗\testdata\angle_coeff_test\angle_aware\Johnny_720p_60_Middle\Johnny_720p_60_Middle_hidden_test.yuv,OK,1913517,414720000,
D:\碩士實驗\testdata\angle_coeff_test\angle_aware\speed_bag_1080p_30_High\speed_bag_1080p_30_High_hidden_test.avif,D:\碩士實驗\testdata\angle_coeff_test\angle_aware\speed_bag_1080p_30_High\speed_bag_1080p_30_High_hidden_test.yuv,OK,4181472,466560000,
D:\碩士實驗\testdata\angle_coeff_test\angle_aware\speed_bag_1080p_30_Low\speed_bag_1080p_30_Low_hidden_test.avif,D:\碩士實驗\testdata\angle_coeff_test\angle_aware\speed_bag_1080p_30_Low\speed_bag_1080p_30_Low_hidden_test.yuv,OK,779900,466560000,
D:\碩士實驗\testdata\angle_coeff_test\angle_aware\speed_bag_1080p_30_Middle\speed_bag_1080p_30_Middle_hidden_test.avif,D:\碩士實驗\testdata\angle_coeff_test\angle_aware\speed_bag_1080p_30_Middle\speed_bag_1080p_30_Middle_hidden_test.yuv,OK,2936309,466560000,
D:\碩士實驗\testdata\angle_coeff_test\angle_dct\Fallout4_1080p_60_High\Fallout4_1080p_60_High_hidden_test.avif,D:\碩士實驗\testdata\angle_coeff_test\angle_dct\Fallout4_1080p_60_High\Fallout4_1080p_60_High_hidden_test.yuv,OK,6586736,933120000,
D:\碩士實驗\testdata\angle_coeff_test\angle_dct\Fallout4_1080p_60_Low\Fallout4_1080p_60_Low_hidden_test.avif,D:\碩士實驗\testdata\angle_coeff_test\angle_dct\Fallout4_1080p_60_Low\Fallout4_1080p_60_Low_hidden_test.yuv,OK,1271992,933120000,
D:\碩士實驗\testdata\angle_coeff_test\angle_dct\Fallout4_1080p_60_Middle\Fallout4_1080p_60_Middle_hidden_test.avif,D:\碩士實驗\testdata\angle_coeff_test\angle_dct\Fallout4_1080p_60_Middle\Fallout4_1080p_60_Middle_hidden_test.yuv,OK,4447448,933120000,
D:\碩士實驗\testdata\angle_coeff_test\angle_dct\Johnny_720p_60_High\Johnny_720p_60_High_hidden_test.avif,D:\碩士實驗\testdata\angle_coeff_test\angle_dct\Johnny_720p_60_High\Johnny_720p_60_High_hidden_test.yuv,OK,3611776,414720000,
D:\碩士實驗\testdata\angle_coeff_test\angle_dct\Johnny_720p_60_Low\Johnny_720p_60_Low_hidden_test.avif,D:\碩士實驗\testdata\angle_coeff_test\angle_dct\Johnny_720p_60_Low\Johnny_720p_60_Low_hidden_test.yuv,OK,1011972,414720000,
D:\碩士實驗\testdata\angle_coeff_test\angle_dct\Johnny_720p_60_Middle\Johnny_720p_60_Middle_hidden_test.avif,D:\碩士實驗\testdata\angle_coeff_test\angle_dct\Johnny_720p_60_Middle\Johnny_720p_60_Middle_hidden_test.yuv,OK,1921657,414720000,
D:\碩士實驗\testdata\angle_coeff_test\angle_dct\speed_bag_1080p_30_High\speed_bag_1080p_30_High_hidden_test.avif,D:\碩士實驗\testdata\angle_coeff_test\angle_dct\speed_bag_1080p_30_High\speed_bag_1080p_30_High_hidden_test.yuv,OK,4183023,466560000,
D:\碩士實驗\testdata\angle_coeff_test\angle_dct\speed_bag_1080p_30_Low\speed_bag_1080p_30_Low_hidden_test.avif,D:\碩士實驗\testdata\angle_coeff_test\angle_dct\speed_bag_1080p_30_Low\speed_bag_1080p_30_Low_hidden_test.yuv,OK,780889,466560000,
D:\碩士實驗\testdata\angle_coeff_test\angle_dct\speed_bag_1080p_30_Middle\speed_bag_1080p_30_Middle_hidden_test.avif,D:\碩士實驗\testdata\angle_coeff_test\angle_dct\speed_bag_1080p_30_Middle\speed_bag_1080p_30_Middle_hidden_test.yuv,OK,2936571,466560000,
D:\碩士實驗\testdata\angle_test\catania\Fallout4_1080p_60_High\Fallout4_1080p_60_High_hidden_test.avif,D:\碩士實驗\testdata\angle_test\catania\Fallout4_1080p_60_High\Fallout4_1080p_60_High_hidden_test.yuv,OK,6589868,933120000,
D:\碩士實驗\testdata\angle_test\catania\Fallout4_1080p_60_Low\Fallout4_1080p_60_Low_hidden_test.avif,D:\碩士實驗\testdata\angle_test\catania\Fallout4_1080p_60_Low\Fallout4_1080p_60_Low_hidden_test.yuv,OK,1282391,933120000,
D:\碩士實驗\testdata\angle_test\catania\Fallout4_1080p_60_Middle\Fallout4_1080p_60_Middle_hidden_test.avif,D:\碩士實驗\testdata\angle_test\catania\Fallout4_1080p_60_Middle\Fallout4_1080p_60_Middle_hidden_test.yuv,OK,4448938,933120000,
D:\碩士實驗\testdata\angle_test\catania\FourPeople_720p_60_High\FourPeople_720p_60_High_hidden_test.avif,D:\碩士實驗\testdata\angle_test\catania\FourPeople_720p_60_High\FourPeople_720p_60_High_hidden_test.yuv,OK,3795949,414720000,
D:\碩士實驗\testdata\angle_test\catania\FourPeople_720p_60_Low\FourPeople_720p_60_Low_hidden_test.avif,D:\碩士實驗\testdata\angle_test\catania\FourPeople_720p_60_Low\FourPeople_720p_60_Low_hidden_test.yuv,OK,1145850,414720000,
D:\碩士實驗\testdata\angle_test\catania\FourPeople_720p_60_Middle\FourPeople_720p_60_Middle_hidden_test.avif,D:\碩士實驗\testdata\angle_test\catania\FourPeople_720p_60_Middle\FourPeople_720p_60_Middle_hidden_test.yuv,OK,2221019,414720000,
D:\碩士實驗\testdata\angle_test\catania\Johnny_720p_60_High\Johnny_720p_60_High_hidden_test.avif,D:\碩士實驗\testdata\angle_test\catania\Johnny_720p_60_High\Johnny_720p_60_High_hidden_test.yuv,OK,3618677,414720000,
D:\碩士實驗\testdata\angle_test\catania\Johnny_720p_60_Low\Johnny_720p_60_Low_hidden_test.avif,D:\碩士實驗\testdata\angle_test\catania\Johnny_720p_60_Low\Johnny_720p_60_Low_hidden_test.yuv,OK,1006363,414720000,
D:\碩士實驗\testdata\angle_test\catania\Johnny_720p_60_Middle\Johnny_720p_60_Middle_hidden_test.avif,D:\碩士實驗\testdata\angle_test\catania\Johnny_720p_60_Middle\Johnny_720p_60_Middle_hidden_test.yuv,OK,1927924,414720000,
D:\碩士實驗\testdata\angle_test\catania\KristenAndSara_720p_60_High\KristenAndSara_720p_60_High_hidden_test.avif,D:\碩士實驗\testdata\angle_test\catania\KristenAndSara_720p_60_High\KristenAndSara_720p_60_High_hidden_test.yuv,OK,3610490,414720000,
D:\碩士實驗\testdata\angle_test\catania\KristenAndSara_720p_60_Low\KristenAndSara_720p_60_Low_hidden_test.avif,D:\碩士實驗\testdata\angle_test\catania\KristenAndSara_720p_60_Low\KristenAndSara_720p_60_Low_hidden_test.yuv,OK,1031894,414720000,
D:\碩士實驗\testdata\angle_test\catania\KristenAndSara_720p_60_Middle\KristenAndSara_720p_60_Middle_hidden_test.avif,D:\碩士實驗\testdata\angle_test\catania\KristenAndSara_720p_60_Middle\KristenAndSara_720p_60_Middle_hidden_test.yuv,OK,1976223,414720000,
D:\碩士實驗\testdata\angle_test\catania\speed_bag_1080p_30_High\speed_bag_1080p_30_High_hidden_test.avif,D:\碩士實驗\testdata\angle_test\catania\speed_bag_1080p_30_High\speed_bag_1080p_30_High_hidden_test.yuv,OK,4181786,466560000,
D:\碩士實驗\testdata\angle_test\catania\speed_bag_1080p_30_Low\speed_bag_1080p_30_Low_hidden_test.avif,D:\碩士實驗\testdata\angle_test\catania\speed_bag_1080p_30_Low\speed_bag_1080p_30_Low_hidden_test.yuv,OK,779459,466560000,
D:\碩士實驗\testdata\angle_test\catania\speed_bag_1080p_30_Middle\speed_bag_1080p_30_Middle_hidden_test.avif,D:\碩士實驗\testdata\angle_test\catania\speed_bag_1080p_30_Middle\speed_bag_1080p_30_Middle_hidden_test.yuv,OK,2938271,466560000,
D:\碩士實驗\testdata\angle_test\center\Fallout4_1080p_60_High\Fallout4_1080p_60_High_hidden_test.avif,D:\碩士實驗\testdata\angle_test\center\Fallout4_1080p_60_High\Fallout4_1080p_60_High_hidden_test.yuv,OK,6571508,933120000,
D:\碩士實驗\testdata\angle_test\center\Fallout4_1080p_60_Low\Fallout4_1080p_60_Low_hidden_test.avif,D:\碩士實驗\testdata\angle_test\center\Fallout4_1080p_60_Low\Fallout4_1080p_60_Low_hidden_test.yuv,OK,1293330,933120000,
D:\碩士實驗\testdata\angle_test\center\Fallout4_1080p_60_Middle\Fallout4_1080p_60_Middle_hidden_test.avif,D:\碩士實驗\testdata\angle_test\center\Fallout4_1080p_60_Middle\Fallout4_1080p_60_Middle_hidden_test.yuv,OK,4448340,933120000,
D:\碩士實驗\testdata\angle_test\center\FourPeople_720p_60_High\FourPeople_720p_60_High_hidden_test.avif,D:\碩士實驗\testdata\angle_test\center\FourPeople_720p_60_High\FourPeople_720p_60_High_hidden_test.yuv,OK,3793843,414720000,
D:\碩士實驗\testdata\angle_test\center\FourPeople_720p_60_Low\FourPeople_720p_60_Low_hidden_test.avif,D:\碩士實驗\testdata\angle_test\center\FourPeople_720p_60_Low\FourPeople_720p_60_Low_hidden_test.yuv,OK,1174327,414720000,
D:\碩士實驗\testdata\angle_test\center\FourPeople_720p_60_Middle\FourPeople_720p_60_Middle_hidden_test.avif,D:\碩士實驗\testdata\angle_test\center\FourPeople_720p_60_Middle\FourPeople_720p_60_Middle_hidden_test.yuv,OK,2229397,414720000,
D:\碩士實驗\testdata\angle_test\center\Johnny_720p_60_High\Johnny_720p_60_High_hidden_test.avif,D:\碩士實驗\testdata\angle_test\center\Johnny_720p_60_High\Johnny_720p_60_High_hidden_test.yuv,OK,3614472,414720000,
D:\碩士實驗\testdata\angle_test\center\Johnny_720p_60_Low\Johnny_720p_60_Low_hidden_test.avif,D:\碩士實驗\testdata\angle_test\center\Johnny_720p_60_Low\Johnny_720p_60_Low_hidden_test.yuv,OK,1036957,414720000,
D:\碩士實驗\testdata\angle_test\center\Johnny_720p_60_Middle\Johnny_720p_60_Middle_hidden_test.avif,D:\碩士實驗\testdata\angle_test\center\Johnny_720p_60_Middle\Johnny_720p_60_Middle_hidden_test.yuv,OK,1927109,414720000,
D:\碩士實驗\testdata\angle_test\center\KristenAndSara_720p_60_High\KristenAndSara_720p_60_High_hidden_test.avif,D:\碩士實驗\testdata\angle_test\center\KristenAndSara_720p_60_High\KristenAndSara_720p_60_High_hidden_test.yuv,OK,3629935,414720000,
D:\碩士實驗\testdata\angle_test\center\KristenAndSara_720p_60_Low\KristenAndSara_720p_60_Low_hidden_test.avif,D:\碩士實驗\testdata\angle_test\center\KristenAndSara_720p_60_Low\KristenAndSara_720p_60_Low_hidden_test.yuv,OK,1020108,414720000,
D:\碩士實驗\testdata\angle_test\center\KristenAndSara_720p_60_Middle\KristenAndSara_720p_60_Middle_hidden_test.avif,D:\碩士實驗\testdata\angle_test\center\KristenAndSara_720p_60_Middle\KristenAndSara_720p_60_Middle_hidden_test.yuv,OK,1974787,414720000,
D:\碩士實驗\testdata\angle_test\center\speed_bag_1080p_30_High\speed_bag_1080p_30_High_hidden_test.avif,D:\碩士實驗\testdata\angle_test\center\speed_bag_1080p_30_High\speed_bag_1080p_30_High_hidden_test.yuv,OK,4176081,466560000,
D:\碩士實驗\testdata\angle_test\center\speed_bag_1080p_30_Low\speed_bag_1080p_30_Low_hidden_test.avif,D:\碩士實驗\testdata\angle_test\center\speed_bag_1080p_30_Low\speed_bag_1080p_30_Low_hidden_test.yuv,OK,781449,466560000,
D:\碩士實驗\testdata\angle_test\center\speed_bag_1080p_30_Middle\speed_bag_1080p_30_Middle_hidden_test.avif,D:\碩士實驗\testdata\angle_test\center\speed_bag_1080p_30_Middle\speed_bag_1080p_30_Middle_hidden_test.yuv,OK,2929519,466560000,
D:\碩士實驗\testdata\angle_test\rdo_cho\Fallout4_1080p_60_High\Fallout4_1080p_60_High_hidden_test.avif,D:\碩士實驗\testdata\angle_test\rdo_cho\Fallout4_1080p_60_High\Fallout4_1080p_60_High_hidden_test.yuv,OK,6580002,933120000,
D:\碩士實驗\testdata\angle_test\rdo_cho\Fallout4_1080p_60_Low\Fallout4_1080p_60_Low_hidden_test.avif,D:\碩士實驗\testdata\angle_test\rdo_cho\Fallout4_1080p_60_Low\Fallout4_1080p_60_Low_hidden_test.yuv,OK,1277741,933120000,
D:\碩士實驗\testdata\angle_test\rdo_cho\Fallout4_1080p_60_Middle\Fallout4_1080p_60_Middle_hidden_test.avif,D:\碩士實驗\testdata\angle_test\rdo_cho\Fallout4_1080p_60_Middle\Fallout4_1080p_60_Middle_hidden_test.yuv,OK,4452226,933120000,
D:\碩士實驗\testdata\angle_test\rdo_cho\FourPeople_720p_60_High\FourPeople_720p_60_High_hidden_test.avif,D:\碩士實驗\testdata\angle_test\rdo_cho\FourPeople_720p_60_High\FourPeople_720p_60_High_hidden_test.yuv,OK,3793179,414720000,
D:\碩士實驗\testdata\angle_test\rdo_cho\FourPeople_720p_60_Low\FourPeople_720p_60_Low_hidden_test.avif,D:\碩士實驗\testdata\angle_test\rdo_cho\FourPeople_720p_60_Low\FourPeople_720p_60_Low_hidden_test.yuv,OK,1145567,414720000,
D:\碩士實驗\testdata\angle_test\rdo_cho\FourPeople_720p_60_Middle\FourPeople_720p_60_Middle_hidden_test.avif,D:\碩士實驗\testdata\angle_test\rdo_cho\FourPeople_720p_60_Middle\FourPeople_720p_60_Middle_hidden_test.yuv,OK,2200706,414720000,
D:\碩士實驗\testdata\angle_test\rdo_cho\Johnny_720p_60_High\Johnny_720p_60_High_hidden_test.avif,D:\碩士實驗\testdata\angle_test\rdo_cho\Johnny_720p_60_High\Johnny_720p_60_High_hidden_test.yuv,OK,3634934,414720000,
D:\碩士實驗\testdata\angle_test\rdo_cho\Johnny_720p_60_Low\Johnny_720p_60_Low_hidden_test.avif,D:\碩士實驗\testdata\angle_test\rdo_cho\Johnny_720p_60_Low\Johnny_720p_60_Low_hidden_test.yuv,OK,1038017,414720000,
D:\碩士實驗\testdata\angle_test\rdo_cho\Johnny_720p_60_Middle\Johnny_720p_60_Middle_hidden_test.avif,D:\碩士實驗\testdata\angle_test\rdo_cho\Johnny_720p_60_Middle\Johnny_720p_60_Middle_hidden_test.yuv,OK,1921169,414720000,
D:\碩士實驗\testdata\angle_test\rdo_cho\KristenAndSara_720p_60_High\KristenAndSara_720p_60_High_hidden_test.avif,D:\碩士實驗\testdata\angle_test\rdo_cho\KristenAndSara_720p_60_High\KristenAndSara_720p_60_High_hidden_test.yuv,OK,3610022,414720000,
D:\碩士實驗\testdata\angle_test\rdo_cho\KristenAndSara_720p_60_Low\KristenAndSara_720p_60_Low_hidden_test.avif,D:\碩士實驗\testdata\angle_test\rdo_cho\KristenAndSara_720p_60_Low\KristenAndSara_720p_60_Low_hidden_test.yuv,OK,1013043,414720000,
D:\碩士實驗\testdata\angle_test\rdo_cho\KristenAndSara_720p_60_Middle\KristenAndSara_720p_60_Middle_hidden_test.avif,D:\碩士實驗\testdata\angle_test\rdo_cho\KristenAndSara_720p_60_Middle\KristenAndSara_720p_60_Middle_hidden_test.yuv,OK,1974692,414720000,
D:\碩士實驗\testdata\angle_test\rdo_cho\speed_bag_1080p_30_High\speed_bag_1080p_30_High_hidden_test.avif,D:\碩士實驗\testdata\angle_test\rdo_cho\speed_bag_1080p_30_High\speed_bag_1080p_30_High_hidden_test.yuv,OK,4178501,466560000,
D:\碩士實驗\testdata\angle_test\rdo_cho\speed_bag_1080p_30_Low\speed_bag_1080p_30_Low_hidden_test.avif,D:\碩士實驗\testdata\angle_test\rdo_cho\speed_bag_1080p_30_Low\speed_bag_1080p_30_Low_hidden_test.yuv,OK,778238,466560000,
D:\碩士實驗\testdata\angle_test\rdo_cho\speed_bag_1080p_30_Middle\speed_bag_1080p_30_Middle_hidden_test.avif,D:\碩士實驗\testdata\angle_test\rdo_cho\speed_bag_1080p_30_Middle\speed_bag_1080p_30_Middle_hidden_test.yuv,OK,2937229,466560000,
D:\碩士實驗\testdata\AV1Stego\1024\Fallout4_1080p_60_High\Fallout4_1080p_60_High_hidden_test.avif,D:\碩士實驗\testdata\AV1Stego\1024\Fallout4_1080p_60_High\Fallout4_1080p_60_High_hidden_test.yuv,OK,6544840,933120000,
D:\碩士實驗\testdata\AV1Stego\1024\Fallout4_1080p_60_Low\Fallout4_1080p_60_Low_hidden_test.avif,D:\碩士實驗\testdata\AV1Stego\1024\Fallout4_1080p_60_Low\Fallout4_1080p_60_Low_hidden_test.yuv,OK,1270312,933120000,
D:\碩士實驗\testdata\AV1Stego\1024\Fallout4_1080p_60_Middle\Fallout4_1080p_60_Middle_hidden_test.avif,D:\碩士實驗\testdata\AV1Stego\1024\Fallout4_1080p_60_Middle\Fallout4_1080p_60_Middle_hidden_test.yuv,OK,4417445,933120000,
D:\碩士實驗\testdata\AV1Stego\1024\Johnny_720p_60_High\Johnny_720p_60_High_hidden_test.avif,D:\碩士實驗\testdata\AV1Stego\1024\Johnny_720p_60_High\Johnny_720p_60_High_hidden_test.yuv,OK,3599464,414720000,
D:\碩士實驗\testdata\AV1Stego\1024\Johnny_720p_60_Low\Johnny_720p_60_Low_hidden_test.avif,D:\碩士實驗\testdata\AV1Stego\1024\Johnny_720p_60_Low\Johnny_720p_60_Low_hidden_test.yuv,OK,1004979,414720000,
D:\碩士實驗\testdata\AV1Stego\1024\Johnny_720p_60_Middle\Johnny_720p_60_Middle_hidden_test.avif,D:\碩士實驗\testdata\AV1Stego\1024\Johnny_720p_60_Middle\Johnny_720p_60_Middle_hidden_test.yuv,OK,1927599,414720000,
D:\碩士實驗\testdata\AV1Stego\1024\speed_bag_1080p_30_High\speed_bag_1080p_30_High_hidden_test.avif,D:\碩士實驗\testdata\AV1Stego\1024\speed_bag_1080p_30_High\speed_bag_1080p_30_High_hidden_test.yuv,OK,4170744,466560000,
D:\碩士實驗\testdata\AV1Stego\1024\speed_bag_1080p_30_Low\speed_bag_1080p_30_Low_hidden_test.avif,D:\碩士實驗\testdata\AV1Stego\1024\speed_bag_1080p_30_Low\speed_bag_1080p_30_Low_hidden_test.yuv,OK,768505,466560000,
D:\碩士實驗\testdata\AV1Stego\1024\speed_bag_1080p_30_Middle\speed_bag_1080p_30_Middle_hidden_test.avif,D:\碩士實驗\testdata\AV1Stego\1024\speed_bag_1080p_30_Middle\speed_bag_1080p_30_Middle_hidden_test.yuv,OK,2928205,466560000,
D:\碩士實驗\testdata\AV1Stego\256\Fallout4_1080p_60_High\Fallout4_1080p_60_High_hidden_test.avif,D:\碩士實驗\testdata\AV1Stego\256\Fallout4_1080p_60_High\Fallout4_1080p_60_High_hidden_test.yuv,OK,6555873,933120000,
D:\碩士實驗\testdata\AV1Stego\256\Fallout4_1080p_60_Low\Fallout4_1080p_60_Low_hidden_test.avif,D:\碩士實驗\testdata\AV1Stego\256\Fallout4_1080p_60_Low\Fallout4_1080p_60_Low_hidden_test.yuv,OK,1268968,933120000,
D:\碩士實驗\testdata\AV1Stego\256\Fallout4_1080p_60_Middle\Fallout4_1080p_60_Middle_hidden_test.avif,D:\碩士實驗\testdata\AV1Stego\256\Fallout4_1080p_60_Middle\Fallout4_1080p_60_Middle_hidden_test.yuv,OK,4418678,933120000,
D:\碩士實驗\testdata\AV1Stego\256\Johnny_720p_60_High\Johnny_720p_60_High_hidden_test.avif,D:\碩士實驗\testdata\AV1Stego\256\Johnny_720p_60_High\Johnny_720p_60_High_hidden_test.yuv,OK,3604586,414720000,
D:\碩士實驗\testdata\AV1Stego\256\Johnny_720p_60_Low\Johnny_720p_60_Low_hidden_test.avif,D:\碩士實驗\testdata\AV1Stego\256\Johnny_720p_60_Low\Johnny_720p_60_Low_hidden_test.yuv,OK,1008820,414720000,
D:\碩士實驗\testdata\AV1Stego\256\Johnny_720p_60_Middle\Johnny_720p_60_Middle_hidden_test.avif,D:\碩士實驗\testdata\AV1Stego\256\Johnny_720p_60_Middle\Johnny_720p_60_Middle_hidden_test.yuv,OK,1916831,414720000,
D:\碩士實驗\testdata\AV1Stego\256\speed_bag_1080p_30_High\speed_bag_1080p_30_High_hidden_test.avif,D:\碩士實驗\testdata\AV1Stego\256\speed_bag_1080p_30_High\speed_bag_1080p_30_High_hidden_test.yuv,OK,4169198,466560000,
D:\碩士實驗\testdata\AV1Stego\256\speed_bag_1080p_30_Low\speed_bag_1080p_30_Low_hidden_test.avif,D:\碩士實驗\testdata\AV1Stego\256\speed_bag_1080p_30_Low\speed_bag_1080p_30_Low_hidden_test.yuv,OK,771605,466560000,
D:\碩士實驗\testdata\AV1Stego\256\speed_bag_1080p_30_Middle\speed_bag_1080p_30_Middle_hidden_test.avif,D:\碩士實驗\testdata\AV1Stego\256\speed_bag_1080p_30_Middle\speed_bag_1080p_30_Middle_hidden_test.yuv,OK,2927996,466560000,
D:\碩士實驗\testdata\AV1Stego\512\Fallout4_1080p_60_High\Fallout4_1080p_60_High_hidden_test.avif,D:\碩士實驗\testdata\AV1Stego\512\Fallout4_1080p_60_High\Fallout4_1080p_60_High_hidden_test.yuv,OK,6555932,933120000,
D:\碩士實驗\testdata\AV1Stego\512\Fallout4_1080p_60_Low\Fallout4_1080p_60_Low_hidden_test.avif,D:\碩士實驗\testdata\AV1Stego\512\Fallout4_1080p_60_Low\Fallout4_1080p_60_Low_hidden_test.yuv,OK,1267210,933120000,
D:\碩士實驗\testdata\AV1Stego\512\Fallout4_1080p_60_Middle\Fallout4_1080p_60_Middle_hidden_test.avif,D:\碩士實驗\testdata\AV1Stego\512\Fallout4_1080p_60_Middle\Fallout4_1080p_60_Middle_hidden_test.yuv,OK,4418742,933120000,
D:\碩士實驗\testdata\AV1Stego\512\Johnny_720p_60_High\Johnny_720p_60_High_hidden_test.avif,D:\碩士實驗\testdata\AV1Stego\512\Johnny_720p_60_High\Johnny_720p_60_High_hidden_test.yuv,OK,3599325,414720000,
D:\碩士實驗\testdata\AV1Stego\512\Johnny_720p_60_Low\Johnny_720p_60_Low_hidden_test.avif,D:\碩士實驗\testdata\AV1Stego\512\Johnny_720p_60_Low\Johnny_720p_60_Low_hidden_test.yuv,OK,1008276,414720000,
D:\碩士實驗\testdata\AV1Stego\512\Johnny_720p_60_Middle\Johnny_720p_60_Middle_hidden_test.avif,D:\碩士實驗\testdata\AV1Stego\512\Johnny_720p_60_Middle\Johnny_720p_60_Middle_hidden_test.yuv,OK,1919460,414720000,
D:\碩士實驗\testdata\AV1Stego\512\speed_bag_1080p_30_High\speed_bag_1080p_30_High_hidden_test.avif,D:\碩士實驗\testdata\AV1Stego\512\speed_bag_1080p_30_High\speed_bag_1080p_30_High_hidden_test.yuv,OK,4169984,466560000,
D:\碩士實驗\testdata\AV1Stego\512\speed_bag_1080p_30_Low\speed_bag_1080p_30_Low_hidden_test.avif,D:\碩士實驗\testdata\AV1Stego\512\speed_bag_1080p_30_Low\speed_bag_1080p_30_Low_hidden_test.yuv,OK,768400,466560000,
D:\碩士實驗\testdata\AV1Stego\512\speed_bag_1080p_30_Middle\speed_bag_1080p_30_Middle_hidden_test.avif,D:\碩士實驗\testdata\AV1Stego\512\speed_bag_1080p_30_Middle\speed_bag_1080p_30_Middle_hidden_test.yuv,OK,2928089,466560000,
D:\碩士實驗\testdata\best_coeff_test\Fallout4_1080p_60_High\Fallout4_1080p_60_High_hidden_test.avif,D:\碩士實驗\testdata\best_coeff_test\Fallout4_1080p_60_High\Fallout4_1080p_60_High_hidden_test.yuv,OK,6550652,933120000,
D:\碩士實驗\testdata\best_coeff_test\Fallout4_1080p_60_Low\Fallout4_1080p_60_Low_hidden_test.avif,D:\碩士實驗\testdata\best_coeff_test\Fallout4_1080p_60_Low\Fallout4_1080p_60_Low_hidden_test.yuv,OK,1265563,933120000,
D:\碩士實驗\testdata\best_coeff_test\Fallout4_1080p_60_Middle\Fallout4_1080p_60_Middle_hidden_test.avif,D:\碩士實驗\testdata\best_coeff_test\Fallout4_1080p_60_Middle\Fallout4_1080p_60_Middle_hidden_test.yuv,OK,4422966,933120000,
D:\碩士實驗\testdata\best_coeff_test\FourPeople_720p_60_High\FourPeople_720p_60_High_hidden_test.avif,D:\碩士實驗\testdata\best_coeff_test\FourPeople_720p_60_High\FourPeople_720p_60_High_hidden_test.yuv,OK,3794486,414720000,
D:\碩士實驗\testdata\best_coeff_test\FourPeople_720p_60_Low\FourPeople_720p_60_Low_hidden_test.avif,D:\碩士實驗\testdata\best_coeff_test\FourPeople_720p_60_Low\FourPeople_720p_60_Low_hidden_test.yuv,OK,1159815,414720000,
D:\碩士實驗\testdata\best_coeff_test\FourPeople_720p_60_Middle\FourPeople_720p_60_Middle_hidden_test.avif,D:\碩士實驗\testdata\best_coeff_test\FourPeople_720p_60_Middle\FourPeople_720p_60_Middle_hidden_test.yuv,OK,2208385,414720000,
D:\碩士實驗\testdata\best_coeff_test\Johnny_720p_60_High\Johnny_720p_60_High_hidden_test.avif,D:\碩士實驗\testdata\best_coeff_test\Johnny_720p_60_High\Johnny_720p_60_High_hidden_test.yuv,OK,3617218,414720000,
D:\碩士實驗\testdata\best_coeff_test\Johnny_720p_60_Low\Johnny_720p_60_Low_hidden_test.avif,D:\碩士實驗\testdata\best_coeff_test\Johnny_720p_60_Low\Johnny_720p_60_Low_hidden_test.yuv,OK,1003945,414720000,
D:\碩士實驗\testdata\best_coeff_test\Johnny_720p_60_Middle\Johnny_720p_60_Middle_hidden_test.avif,D:\碩士實驗\testdata\best_coeff_test\Johnny_720p_60_Middle\Johnny_720p_60_Middle_hidden_test.yuv,OK,1917978,414720000,
D:\碩士實驗\testdata\best_coeff_test\KristenAndSara_720p_60_High\KristenAndSara_720p_60_High_hidden_test.avif,D:\碩士實驗\testdata\best_coeff_test\KristenAndSara_720p_60_High\KristenAndSara_720p_60_High_hidden_test.yuv,OK,3598400,414720000,
D:\碩士實驗\testdata\best_coeff_test\KristenAndSara_720p_60_Low\KristenAndSara_720p_60_Low_hidden_test.avif,D:\碩士實驗\testdata\best_coeff_test\KristenAndSara_720p_60_Low\KristenAndSara_720p_60_Low_hidden_test.yuv,OK,1018415,414720000,
D:\碩士實驗\testdata\best_coeff_test\KristenAndSara_720p_60_Middle\KristenAndSara_720p_60_Middle_hidden_test.avif,D:\碩士實驗\testdata\best_coeff_test\KristenAndSara_720p_60_Middle\KristenAndSara_720p_60_Middle_hidden_test.yuv,OK,1969027,414720000,
D:\碩士實驗\testdata\best_coeff_test\speed_bag_1080p_30_High\speed_bag_1080p_30_High_hidden_test.avif,D:\碩士實驗\testdata\best_coeff_test\speed_bag_1080p_30_High\speed_bag_1080p_30_High_hidden_test.yuv,OK,4172078,466560000,
D:\碩士實驗\testdata\best_coeff_test\speed_bag_1080p_30_Low\speed_bag_1080p_30_Low_hidden_test.avif,D:\碩士實驗\testdata\best_coeff_test\speed_bag_1080p_30_Low\speed_bag_1080p_30_Low_hidden_test.yuv,OK,781580,466560000,
D:\碩士實驗\testdata\best_coeff_test\speed_bag_1080p_30_Middle\speed_bag_1080p_30_Middle_hidden_test.avif,D:\碩士實驗\testdata\best_coeff_test\speed_bag_1080p_30_Middle\speed_bag_1080p_30_Middle_hidden_test.yuv,OK,2926400,466560000,
D:\碩士實驗\testdata\coeff_test\bits_count_1\Fallout4_1080p_60_High\Fallout4_1080p_60_High_hidden_test.avif,D:\碩士實驗\testdata\coeff_test\bits_count_1\Fallout4_1080p_60_High\Fallout4_1080p_60_High_hidden_test.yuv,OK,6561356,933120000,
D:\碩士實驗\testdata\coeff_test\bits_count_1\Johnny_720p_60_High\Johnny_720p_60_High_hidden_test.avif,D:\碩士實驗\testdata\coeff_test\bits_count_1\Johnny_720p_60_High\Johnny_720p_60_High_hidden_test.yuv,OK,3601116,414720000,
D:\碩士實驗\testdata\coeff_test\bits_count_2\Fallout4_1080p_60_High\Fallout4_1080p_60_High_hidden_test.avif,D:\碩士實驗\testdata\coeff_test\bits_count_2\Fallout4_1080p_60_High\Fallout4_1080p_60_High_hidden_test.yuv,OK,6560562,933120000,
D:\碩士實驗\testdata\coeff_test\bits_count_2\Johnny_720p_60_High\Johnny_720p_60_High_hidden_test.avif,D:\碩士實驗\testdata\coeff_test\bits_count_2\Johnny_720p_60_High\Johnny_720p_60_High_hidden_test.yuv,OK,3601075,414720000,
D:\碩士實驗\testdata\coeff_test\bits_count_4\Fallout4_1080p_60_High\Fallout4_1080p_60_High_hidden_test.avif,D:\碩士實驗\testdata\coeff_test\bits_count_4\Fallout4_1080p_60_High\Fallout4_1080p_60_High_hidden_test.yuv,OK,6570053,933120000,
D:\碩士實驗\testdata\coeff_test\bits_count_4\Johnny_720p_60_High\Johnny_720p_60_High_hidden_test.avif,D:\碩士實驗\testdata\coeff_test\bits_count_4\Johnny_720p_60_High\Johnny_720p_60_High_hidden_test.yuv,OK,3627545,414720000,
D:\碩士實驗\testdata\coeff_test\bits_count_8\Fallout4_1080p_60_High\Fallout4_1080p_60_High_hidden_test.avif,D:\碩士實驗\testdata\coeff_test\bits_count_8\Fallout4_1080p_60_High\Fallout4_1080p_60_High_hidden_test.yuv,OK,6578838,933120000,
D:\碩士實驗\testdata\coeff_test\bits_count_8\Johnny_720p_60_High\Johnny_720p_60_High_hidden_test.avif,D:\碩士實驗\testdata\coeff_test\bits_count_8\Johnny_720p_60_High\Johnny_720p_60_High_hidden_test.yuv,OK,3607443,414720000,
D:\碩士實驗\testdata\coeff_test\br_range_LR_all\Fallout4_1080p_60_High\Fallout4_1080p_60_High_hidden_test.avif,D:\碩士實驗\testdata\coeff_test\br_range_LR_all\Fallout4_1080p_60_High\Fallout4_1080p_60_High_hidden_test.yuv,OK,6553192,933120000,
D:\碩士實驗\testdata\coeff_test\br_range_LR_all\Johnny_720p_60_High\Johnny_720p_60_High_hidden_test.avif,D:\碩士實驗\testdata\coeff_test\br_range_LR_all\Johnny_720p_60_High\Johnny_720p_60_High_hidden_test.yuv,OK,3598248,414720000,
D:\碩士實驗\testdata\coeff_test\br_range_LR_half\Fallout4_1080p_60_High\Fallout4_1080p_60_High_hidden_test.avif,D:\碩士實驗\testdata\coeff_test\br_range_LR_half\Fallout4_1080p_60_High\Fallout4_1080p_60_High_hidden_test.yuv,OK,6548094,933120000,
D:\碩士實驗\testdata\coeff_test\br_range_LR_half\Johnny_720p_60_High\Johnny_720p_60_High_hidden_test.avif,D:\碩士實驗\testdata\coeff_test\br_range_LR_half\Johnny_720p_60_High\Johnny_720p_60_High_hidden_test.yuv,OK,3597291,414720000,
D:\碩士實驗\testdata\coeff_test\eob_16\Fallout4_1080p_60_High\Fallout4_1080p_60_High_hidden_test.avif,D:\碩士實驗\testdata\coeff_test\eob_16\Fallout4_1080p_60_High\Fallout4_1080p_60_High_hidden_test.yuv,OK,6569206,933120000,
D:\碩士實驗\testdata\coeff_test\eob_16\Johnny_720p_60_High\Johnny_720p_60_High_hidden_test.avif,D:\碩士實驗\testdata\coeff_test\eob_16\Johnny_720p_60_High\Johnny_720p_60_High_hidden_test.yuv,OK,3619952,414720000,
D:\碩士實驗\testdata\coeff_test\eob_32\Fallout4_1080p_60_High\Fallout4_1080p_60_High_hidden_test.avif,D:\碩士實驗\testdata\coeff_test\eob_32\Fallout4_1080p_60_High\Fallout4_1080p_60_High_hidden_test.yuv,OK,6554432,933120000,
D:\碩士實驗\testdata\coeff_test\eob_32\Johnny_720p_60_High\Johnny_720p_60_High_hidden_test.avif,D:\碩士實驗\testdata\coeff_test\eob_32\Johnny_720p_60_High\Johnny_720p_60_High_hidden_test.yuv,OK,3625193,414720000,
D:\碩士實驗\testdata\coeff_test\eob_8\Fallout4_1080p_60_High\Fallout4_1080p_60_High_hidden_test.avif,D:\碩士實驗\testdata\coeff_test\eob_8\Fallout4_1080p_60_High\Fallout4_1080p_60_High_hidden_test.yuv,OK,6575846,933120000,
D:\碩士實驗\testdata\coeff_test\eob_8\Johnny_720p_60_High\Johnny_720p_60_High_hidden_test.avif,D:\碩士實驗\testdata\coeff_test\eob_8\Johnny_720p_60_High\Johnny_720p_60_High_hidden_test.yuv,OK,3613239,414720000,
D:\碩士實驗\testdata\coeff_test\nonzero_ratio_10\Fallout4_1080p_60_High\Fallout4_1080p_60_High_hidden_test.avif,D:\碩士實驗\testdata\coeff_test\nonzero_ratio_10\Fallout4_1080p_60_High\Fallout4_1080p_60_High_hidden_test.yuv,OK,6569314,933120000,
D:\碩士實驗\testdata\coeff_test\nonzero_ratio_10\Johnny_720p_60_High\Johnny_720p_60_High_hidden_test.avif,D:\碩士實驗\testdata\coeff_test\nonzero_ratio_10\Johnny_720p_60_High\Johnny_720p_60_High_hidden_test.yuv,OK,3611031,414720000,
D:\碩士實驗\testdata\coeff_test\nonzero_ratio_25\Fallout4_1080p_60_High\Fallout4_1080p_60_High_hidden_test.avif,D:\碩士實驗\testdata\coeff_test\nonzero_ratio_25\Fallout4_1080p_60_High\Fallout4_1080p_60_High_hidden_test.yuv,OK,6566144,933120000,
D:\碩士實驗\testdata\coeff_test\nonzero_ratio_25\Johnny_720p_60_High\Johnny_720p_60_High_hidden_test.avif,D:\碩士實驗\testdata\coeff_test\nonzero_ratio_25\Johnny_720p_60_High\Johnny_720p_60_High_hidden_test.yuv,OK,3611858,414720000,
D:\碩士實驗\testdata\coeff_test\nonzero_ratio_50\Fallout4_1080p_60_High\Fallout4_1080p_60_High_hidden_test.avif,D:\碩士實驗\testdata\coeff_test\nonzero_ratio_50\Fallout4_1080p_60_High\Fallout4_1080p_60_High_hidden_test.yuv,OK,6551603,933120000,
D:\碩士實驗\testdata\coeff_test\nonzero_ratio_50\Johnny_720p_60_High\Johnny_720p_60_High_hidden_test.avif,D:\碩士實驗\testdata\coeff_test\nonzero_ratio_50\Johnny_720p_60_High\Johnny_720p_60_High_hidden_test.yuv,OK,3622518,414720000,
D:\碩士實驗\testdata\coeff_test\scan_pos_3eob4\Fallout4_1080p_60_High\Fallout4_1080p_60_High_hidden_test.avif,D:\碩士實驗\testdata\coeff_test\scan_pos_3eob4\Fallout4_1080p_60_High\Fallout4_1080p_60_High_hidden_test.yuv,OK,6564898,933120000,
D:\碩士實驗\testdata\coeff_test\scan_pos_3eob4\Johnny_720p_60_High\Johnny_720p_60_High_hidden_test.avif,D:\碩士實驗\testdata\coeff_test\scan_pos_3eob4\Johnny_720p_60_High\Johnny_720p_60_High_hidden_test.yuv,OK,3621643,414720000,
D:\碩士實驗\testdata\coeff_test\scan_pos_eob2\Fallout4_1080p_60_High\Fallout4_1080p_60_High_hidden_test.avif,D:\碩士實驗\testdata\coeff_test\scan_pos_eob2\Fallout4_1080p_60_High\Fallout4_1080p_60_High_hidden_test.yuv,OK,6558037,933120000,
D:\碩士實驗\testdata\coeff_test\scan_pos_eob2\Johnny_720p_60_High\Johnny_720p_60_High_hidden_test.avif,D:\碩士實驗\testdata\coeff_test\scan_pos_eob2\Johnny_720p_60_High\Johnny_720p_60_High_hidden_test.yuv,OK,3635329,414720000,
D:\碩士實驗\testdata\coeff_test\scan_pos_eob4\Fallout4_1080p_60_High\Fallout4_1080p_60_High_hidden_test.avif,D:\碩士實驗\testdata\coeff_test\scan_pos_eob4\Fallout4_1080p_60_High\Fallout4_1080p_60_High_hidden_test.yuv,OK,6580211,933120000,
D:\碩士實驗\testdata\coeff_test\scan_pos_eob4\Johnny_720p_60_High\Johnny_720p_60_High_hidden_test.avif,D:\碩士實驗\testdata\coeff_test\scan_pos_eob4\Johnny_720p_60_High\Johnny_720p_60_High_hidden_test.yuv,OK,3610560,414720000,
D:\碩士實驗\testdata\coeff_test\transform_type_all\Fallout4_1080p_60_High\Fallout4_1080p_60_High_hidden_test.avif,D:\碩士實驗\testdata\coeff_test\transform_type_all\Fallout4_1080p_60_High\Fallout4_1080p_60_High_hidden_test.yuv,OK,6572764,933120000,
D:\碩士實驗\testdata\coeff_test\transform_type_all\Johnny_720p_60_High\Johnny_720p_60_High_hidden_test.avif,D:\碩士實驗\testdata\coeff_test\transform_type_all\Johnny_720p_60_High\Johnny_720p_60_High_hidden_test.yuv,OK,3628165,414720000,
D:\碩士實驗\testdata\coeff_test\transform_type_dct\Fallout4_1080p_60_High\Fallout4_1080p_60_High_hidden_test.avif,D:\碩士實驗\testdata\coeff_test\transform_type_dct\Fallout4_1080p_60_High\Fallout4_1080p_60_High_hidden_test.yuv,OK,6558418,933120000,
D:\碩士實驗\testdata\coeff_test\transform_type_dct\Johnny_720p_60_High\Johnny_720p_60_High_hidden_test.avif,D:\碩士實驗\testdata\coeff_test\transform_type_dct\Johnny_720p_60_High\Johnny_720p_60_High_hidden_test.yuv,OK,3603173,414720000,
D:\碩士實驗\testdata\coeff_test\transform_type_double_adst\Fallout4_1080p_60_High\Fallout4_1080p_60_High_hidden_test.avif,D:\碩士實驗\testdata\coeff_test\transform_type_double_adst\Fallout4_1080p_60_High\Fallout4_1080p_60_High_hidden_test.yuv,OK,6557864,933120000,
D:\碩士實驗\testdata\coeff_test\transform_type_double_adst\Johnny_720p_60_High\Johnny_720p_60_High_hidden_test.avif,D:\碩士實驗\testdata\coeff_test\transform_type_double_adst\Johnny_720p_60_High\Johnny_720p_60_High_hidden_test.yuv,OK,3609218,414720000,
D:\碩士實驗\testdata\coeff_test\transform_type_mix\Fallout4_1080p_60_High\Fallout4_1080p_60_High_hidden_test.avif,D:\碩士實驗\testdata\coeff_test\transform_type_mix\Fallout4_1080p_60_High\Fallout4_1080p_60_High_hidden_test.yuv,OK,6570809,933120000,
D:\碩士實驗\testdata\coeff_test\transform_type_mix\Johnny_720p_60_High\Johnny_720p_60_High_hidden_test.avif,D:\碩士實驗\testdata\coeff_test\transform_type_mix\Johnny_720p_60_High\Johnny_720p_60_High_hidden_test.yuv,OK,3622887,414720000,
D:\碩士實驗\testdata\coeff_test\transform_type_other\Fallout4_1080p_60_High\Fallout4_1080p_60_High_hidden_test.avif,D:\碩士實驗\testdata\coeff_test\transform_type_other\Fallout4_1080p_60_High\Fallout4_1080p_60_High_hidden_test.yuv,OK,6561262,933120000,
D:\碩士實驗\testdata\coeff_test\transform_type_other\Johnny_720p_60_High\Johnny_720p_60_High_hidden_test.avif,D:\碩士實驗\testdata\coeff_test\transform_type_other\Johnny_720p_60_High\Johnny_720p_60_High_hidden_test.yuv,OK,3622496,414720000,
D:\碩士實驗\testdata\hidden_bit_test\0\Fallout4_1080p_60_High\Fallout4_1080p_60_High_hidden_test.avif,D:\碩士實驗\testdata\hidden_bit_test\0\Fallout4_1080p_60_High\Fallout4_1080p_60_High_hidden_test.yuv,OK,6579464,933120000,
D:\碩士實驗\testdata\hidden_bit_test\0\Johnny_720p_60_High\Johnny_720p_60_High_hidden_test.avif,D:\碩士實驗\testdata\hidden_bit_test\0\Johnny_720p_60_High\Johnny_720p_60_High_hidden_test.yuv,OK,3615228,414720000,
D:\碩士實驗\testdata\hidden_bit_test\0_1\Fallout4_1080p_60_High\Fallout4_1080p_60_High_hidden_test.avif,D:\碩士實驗\testdata\hidden_bit_test\0_1\Fallout4_1080p_60_High\Fallout4_1080p_60_High_hidden_test.yuv,OK,6583816,933120000,
D:\碩士實驗\testdata\hidden_bit_test\0_1\Johnny_720p_60_High\Johnny_720p_60_High_hidden_test.avif,D:\碩士實驗\testdata\hidden_bit_test\0_1\Johnny_720p_60_High\Johnny_720p_60_High_hidden_test.yuv,OK,3624114,414720000,
D:\碩士實驗\testdata\hidden_bit_test\1\Fallout4_1080p_60_High\Fallout4_1080p_60_High_hidden_test.avif,D:\碩士實驗\testdata\hidden_bit_test\1\Fallout4_1080p_60_High\Fallout4_1080p_60_High_hidden_test.yuv,OK,6567444,933120000,
D:\碩士實驗\testdata\hidden_bit_test\1\Johnny_720p_60_High\Johnny_720p_60_High_hidden_test.avif,D:\碩士實驗\testdata\hidden_bit_test\1\Johnny_720p_60_High\Johnny_720p_60_High_hidden_test.yuv,OK,3598734,414720000,
D:\碩士實驗\testdata\lag_frame_test\Fallout4_1080p_60_High\Fallout4_1080p_60_High_hidden_test.avif,D:\碩士實驗\testdata\lag_frame_test\Fallout4_1080p_60_High\Fallout4_1080p_60_High_hidden_test.yuv,OK,12182752,933120000,
D:\碩士實驗\testdata\lag_frame_test\Johnny_720p_60_High\Johnny_720p_60_High_hidden_test.avif,D:\碩士實驗\testdata\lag_frame_test\Johnny_720p_60_High\Johnny_720p_60_High_hidden_test.yuv,OK,7245316,414720000,
D:\碩士實驗\testdata\ori_video\Fallout4_1080p_60_High\Fallout4_1080p_60_High_hidden_test.avif,D:\碩士實驗\testdata\ori_video\Fallout4_1080p_60_High\Fallout4_1080p_60_High_hidden_test.yuv,OK,6555807,933120000,
D:\碩士實驗\testdata\ori_video\Fallout4_1080p_60_Low\Fallout4_1080p_60_Low_hidden_test.avif,D:\碩士實驗\testdata\ori_video\Fallout4_1080p_60_Low\Fallout4_1080p_60_Low_hidden_test.yuv,OK,1268886,933120000,
D:\碩士實驗\testdata\ori_video\Fallout4_1080p_60_Middle\Fallout4_1080p_60_Middle_hidden_test.avif,D:\碩士實驗\testdata\ori_video\Fallout4_1080p_60_Middle\Fallout4_1080p_60_Middle_hidden_test.yuv,OK,4418624,933120000,
D:\碩士實驗\testdata\ori_video\FourPeople_720p_60_High\FourPeople_720p_60_High_hidden_test.avif,D:\碩士實驗\testdata\ori_video\FourPeople_720p_60_High\FourPeople_720p_60_High_hidden_test.yuv,OK,3799940,414720000,
D:\碩士實驗\testdata\ori_video\FourPeople_720p_60_Low\FourPeople_720p_60_Low_hidden_test.avif,D:\碩士實驗\testdata\ori_video\FourPeople_720p_60_Low\FourPeople_720p_60_Low_hidden_test.yuv,OK,1139739,414720000,
D:\碩士實驗\testdata\ori_video\FourPeople_720p_60_Middle\FourPeople_720p_60_Middle_hidden_test.avif,D:\碩士實驗\testdata\ori_video\FourPeople_720p_60_Middle\FourPeople_720p_60_Middle_hidden_test.yuv,OK,2201749,414720000,
D:\碩士實驗\testdata\ori_video\Johnny_720p_60_High\Johnny_720p_60_High_hidden_test.avif,D:\碩士實驗\testdata\ori_video\Johnny_720p_60_High\Johnny_720p_60_High_hidden_test.yuv,OK,3604492,414720000,
D:\碩士實驗\testdata\ori_video\Johnny_720p_60_Low\Johnny_720p_60_Low_hidden_test.avif,D:\碩士實驗\testdata\ori_video\Johnny_720p_60_Low\Johnny_720p_60_Low_hidden_test.yuv,OK,1030476,414720000,
D:\碩士實驗\testdata\ori_video\Johnny_720p_60_Middle\Johnny_720p_60_Middle_hidden_test.avif,D:\碩士實驗\testdata\ori_video\Johnny_720p_60_Middle\Johnny_720p_60_Middle_hidden_test.yuv,OK,1916922,414720000,
D:\碩士實驗\testdata\ori_video\KristenAndSara_720p_60_High\KristenAndSara_720p_60_High_hidden_test.avif,D:\碩士實驗\testdata\ori_video\KristenAndSara_720p_60_High\KristenAndSara_720p_60_High_hidden_test.yuv,OK,3602383,414720000,
D:\碩士實驗\testdata\ori_video\KristenAndSara_720p_60_Low\KristenAndSara_720p_60_Low_hidden_test.avif,D:\碩士實驗\testdata\ori_video\KristenAndSara_720p_60_Low\KristenAndSara_720p_60_Low_hidden_test.yuv,OK,1003968,414720000,
D:\碩士實驗\testdata\ori_video\KristenAndSara_720p_60_Middle\KristenAndSara_720p_60_Middle_hidden_test.avif,D:\碩士實驗\testdata\ori_video\KristenAndSara_720p_60_Middle\KristenAndSara_720p_60_Middle_hidden_test.yuv,OK,1962671,414720000,
D:\碩士實驗\testdata\ori_video\speed_bag_1080p_30_High\speed_bag_1080p_30_High_hidden_test.avif,D:\碩士實驗\testdata\ori_video\speed_bag_1080p_30_High\speed_bag_1080p_30_High_hidden_test.yuv,OK,4169944,466560000,
D:\碩士實驗\testdata\ori_video\speed_bag_1080p_30_Low\speed_bag_1080p_30_Low_hidden_test.avif,D:\碩士實驗\testdata\ori_video\speed_bag_1080p_30_Low\speed_bag_1080p_30_Low_hidden_test.yuv,OK,767905,466560000,
D:\碩士實驗\testdata\ori_video\speed_bag_1080p_30_Middle\speed_bag_1080p_30_Middle_hidden_test.avif,D:\碩士實驗\testdata\ori_video\speed_bag_1080p_30_Middle\speed_bag_1080p_30_Middle_hidden_test.yuv,OK,2927537,466560000,
D:\碩士實驗\testdata\StegAV1\1024\Fallout4_1080p_60_High\Fallout4_1080p_60_High_hidden_test.avif,D:\碩士實驗\testdata\StegAV1\1024\Fallout4_1080p_60_High\Fallout4_1080p_60_High_hidden_test.yuv,OK,6545603,933120000,
D:\碩士實驗\testdata\StegAV1\1024\Fallout4_1080p_60_Low\Fallout4_1080p_60_Low_hidden_test.avif,D:\碩士實驗\testdata\StegAV1\1024\Fallout4_1080p_60_Low\Fallout4_1080p_60_Low_hidden_test.yuv,OK,1278110,933120000,
D:\碩士實驗\testdata\StegAV1\1024\Fallout4_1080p_60_Middle\Fallout4_1080p_60_Middle_hidden_test.avif,D:\碩士實驗\testdata\StegAV1\1024\Fallout4_1080p_60_Middle\Fallout4_1080p_60_Middle_hidden_test.yuv,OK,4425128,933120000,
D:\碩士實驗\testdata\StegAV1\1024\Johnny_720p_60_High\Johnny_720p_60_High_hidden_test.avif,D:\碩士實驗\testdata\StegAV1\1024\Johnny_720p_60_High\Johnny_720p_60_High_hidden_test.yuv,OK,3637018,414720000,
D:\碩士實驗\testdata\StegAV1\1024\Johnny_720p_60_Low\Johnny_720p_60_Low_hidden_test.avif,D:\碩士實驗\testdata\StegAV1\1024\Johnny_720p_60_Low\Johnny_720p_60_Low_hidden_test.yuv,OK,1006027,414720000,
D:\碩士實驗\testdata\StegAV1\1024\Johnny_720p_60_Middle\Johnny_720p_60_Middle_hidden_test.avif,D:\碩士實驗\testdata\StegAV1\1024\Johnny_720p_60_Middle\Johnny_720p_60_Middle_hidden_test.yuv,OK,1926541,414720000,
D:\碩士實驗\testdata\StegAV1\1024\speed_bag_1080p_30_High\speed_bag_1080p_30_High_hidden_test.avif,D:\碩士實驗\testdata\StegAV1\1024\speed_bag_1080p_30_High\speed_bag_1080p_30_High_hidden_test.yuv,OK,4180134,466560000,
D:\碩士實驗\testdata\StegAV1\1024\speed_bag_1080p_30_Low\speed_bag_1080p_30_Low_hidden_test.avif,D:\碩士實驗\testdata\StegAV1\1024\speed_bag_1080p_30_Low\speed_bag_1080p_30_Low_hidden_test.yuv,OK,781452,466560000,
D:\碩士實驗\testdata\StegAV1\1024\speed_bag_1080p_30_Middle\speed_bag_1080p_30_Middle_hidden_test.avif,D:\碩士實驗\testdata\StegAV1\1024\speed_bag_1080p_30_Middle\speed_bag_1080p_30_Middle_hidden_test.yuv,OK,2930693,466560000,
D:\碩士實驗\testdata\StegAV1\256\Fallout4_1080p_60_High\Fallout4_1080p_60_High_hidden_test.avif,D:\碩士實驗\testdata\StegAV1\256\Fallout4_1080p_60_High\Fallout4_1080p_60_High_hidden_test.yuv,OK,6557811,933120000,
D:\碩士實驗\testdata\StegAV1\256\Fallout4_1080p_60_Low\Fallout4_1080p_60_Low_hidden_test.avif,D:\碩士實驗\testdata\StegAV1\256\Fallout4_1080p_60_Low\Fallout4_1080p_60_Low_hidden_test.yuv,OK,1263952,933120000,
D:\碩士實驗\testdata\StegAV1\256\Fallout4_1080p_60_Middle\Fallout4_1080p_60_Middle_hidden_test.avif,D:\碩士實驗\testdata\StegAV1\256\Fallout4_1080p_60_Middle\Fallout4_1080p_60_Middle_hidden_test.yuv,OK,4420172,933120000,
D:\碩士實驗\testdata\StegAV1\256\Johnny_720p_60_High\Johnny_720p_60_High_hidden_test.avif,D:\碩士實驗\testdata\StegAV1\256\Johnny_720p_60_High\Johnny_720p_60_High_hidden_test.yuv,OK,3629543,414720000,
D:\碩士實驗\testdata\StegAV1\256\Johnny_720p_60_Low\Johnny_720p_60_Low_hidden_test.avif,D:\碩士實驗\testdata\StegAV1\256\Johnny_720p_60_Low\Johnny_720p_60_Low_hidden_test.yuv,OK,1016193,414720000,
D:\碩士實驗\testdata\StegAV1\256\Johnny_720p_60_Middle\Johnny_720p_60_Middle_hidden_test.avif,D:\碩士實驗\testdata\StegAV1\256\Johnny_720p_60_Middle\Johnny_720p_60_Middle_hidden_test.yuv,OK,1917019,414720000,
D:\碩士實驗\testdata\StegAV1\256\speed_bag_1080p_30_High\speed_bag_1080p_30_High_hidden_test.avif,D:\碩士實驗\testdata\StegAV1\256\speed_bag_1080p_30_High\speed_bag_1080p_30_High_hidden_test.yuv,OK,4172434,466560000,
D:\碩士實驗\testdata\StegAV1\256\speed_bag_1080p_30_Low\speed_bag_1080p_30_Low_hidden_test.avif,D:\碩士實驗\testdata\StegAV1\256\speed_bag_1080p_30_Low\speed_bag_1080p_30_Low_hidden_test.yuv,OK,775374,466560000,
D:\碩士實驗\testdata\StegAV1\256\speed_bag_1080p_30_Middle\speed_bag_1080p_30_Middle_hidden_test.avif,D:\碩士實驗\testdata\StegAV1\256\speed_bag_1080p_30_Middle\speed_bag_1080p_30_Middle_hidden_test.yuv,OK,2928208,466560000,
D:\碩士實驗\testdata\StegAV1\512\Fallout4_1080p_60_High\Fallout4_1080p_60_High_hidden_test.avif,D:\碩士實驗\testdata\StegAV1\512\Fallout4_1080p_60_High\Fallout4_1080p_60_High_hidden_test.yuv,OK,6547422,933120000,
D:\碩士實驗\testdata\StegAV1\512\Fallout4_1080p_60_Low\Fallout4_1080p_60_Low_hidden_test.avif,D:\碩士實驗\testdata\StegAV1\512\Fallout4_1080p_60_Low\Fallout4_1080p_60_Low_hidden_test.yuv,OK,1271395,933120000,
D:\碩士實驗\testdata\StegAV1\512\Fallout4_1080p_60_Middle\Fallout4_1080p_60_Middle_hidden_test.avif,D:\碩士實驗\testdata\StegAV1\512\Fallout4_1080p_60_Middle\Fallout4_1080p_60_Middle_hidden_test.yuv,OK,4418967,933120000,
D:\碩士實驗\testdata\StegAV1\512\Johnny_720p_60_High\Johnny_720p_60_High_hidden_test.avif,D:\碩士實驗\testdata\StegAV1\512\Johnny_720p_60_High\Johnny_720p_60_High_hidden_test.yuv,OK,3631388,414720000,
D:\碩士實驗\testdata\StegAV1\512\Johnny_720p_60_Low\Johnny_720p_60_Low_hidden_test.avif,D:\碩士實驗\testdata\StegAV1\512\Johnny_720p_60_Low\Johnny_720p_60_Low_hidden_test.yuv,OK,1006471,414720000,
D:\碩士實驗\testdata\StegAV1\512\Johnny_720p_60_Middle\Johnny_720p_60_Middle_hidden_test.avif,D:\碩士實驗\testdata\StegAV1\512\Johnny_720p_60_Middle\Johnny_720p_60_Middle_hidden_test.yuv,OK,1917343,414720000,
D:\碩士實驗\testdata\StegAV1\512\speed_bag_1080p_30_High\speed_bag_1080p_30_High_hidden_test.avif,D:\碩士實驗\testdata\StegAV1\512\speed_bag_1080p_30_High\speed_bag_1080p_30_High_hidden_test.yuv,OK,4178324,466560000,
D:\碩士實驗\testdata\StegAV1\512\speed_bag_1080p_30_Low\speed_bag_1080p_30_Low_hidden_test.avif,D:\碩士實驗\testdata\StegAV1\512\speed_bag_1080p_30_Low\speed_bag_1080p_30_Low_hidden_test.yuv,OK,780982,466560000,
D:\碩士實驗\testdata\StegAV1\512\speed_bag_1080p_30_Middle\speed_bag_1080p_30_Middle_hidden_test.avif,D:\碩士實驗\testdata\StegAV1\512\speed_bag_1080p_30_Middle\speed_bag_1080p_30_Middle_hidden_test.yuv,OK,2930090,466560000,
D:\碩士實驗\testdata\without_D45\Fallout4_1080p_60_High\Fallout4_1080p_60_High_hidden_test.avif,D:\碩士實驗\testdata\without_D45\Fallout4_1080p_60_High\Fallout4_1080p_60_High_hidden_test.yuv,OK,6584211,933120000,
D:\碩士實驗\testdata\without_D45\Fallout4_1080p_60_Low\Fallout4_1080p_60_Low_hidden_test.avif,D:\碩士實驗\testdata\without_D45\Fallout4_1080p_60_Low\Fallout4_1080p_60_Low_hidden_test.yuv,OK,1282438,933120000,
D:\碩士實驗\testdata\without_D45\Fallout4_1080p_60_Middle\Fallout4_1080p_60_Middle_hidden_test.avif,D:\碩士實驗\testdata\without_D45\Fallout4_1080p_60_Middle\Fallout4_1080p_60_Middle_hidden_test.yuv,OK,4445779,933120000,
D:\碩士實驗\testdata\without_D45\FourPeople_720p_60_High\FourPeople_720p_60_High_hidden_test.avif,D:\碩士實驗\testdata\without_D45\FourPeople_720p_60_High\FourPeople_720p_60_High_hidden_test.yuv,OK,3799165,414720000,
D:\碩士實驗\testdata\without_D45\FourPeople_720p_60_Low\FourPeople_720p_60_Low_hidden_test.avif,D:\碩士實驗\testdata\without_D45\FourPeople_720p_60_Low\FourPeople_720p_60_Low_hidden_test.yuv,OK,1161533,414720000,
D:\碩士實驗\testdata\without_D45\FourPeople_720p_60_Middle\FourPeople_720p_60_Middle_hidden_test.avif,D:\碩士實驗\testdata\without_D45\FourPeople_720p_60_Middle\FourPeople_720p_60_Middle_hidden_test.yuv,OK,2219120,414720000,
D:\碩士實驗\testdata\without_D45\Johnny_720p_60_High\Johnny_720p_60_High_hidden_test.avif,D:\碩士實驗\testdata\without_D45\Johnny_720p_60_High\Johnny_720p_60_High_hidden_test.yuv,OK,3619058,414720000,
D:\碩士實驗\testdata\without_D45\Johnny_720p_60_Low\Johnny_720p_60_Low_hidden_test.avif,D:\碩士實驗\testdata\without_D45\Johnny_720p_60_Low\Johnny_720p_60_Low_hidden_test.yuv,OK,1004948,414720000,
D:\碩士實驗\testdata\without_D45\Johnny_720p_60_Middle\Johnny_720p_60_Middle_hidden_test.avif,D:\碩士實驗\testdata\without_D45\Johnny_720p_60_Middle\Johnny_720p_60_Middle_hidden_test.yuv,OK,1931655,414720000,
D:\碩士實驗\testdata\without_D45\KristenAndSara_720p_60_High\KristenAndSara_720p_60_High_hidden_test.avif,D:\碩士實驗\testdata\without_D45\KristenAndSara_720p_60_High\KristenAndSara_720p_60_High_hidden_test.yuv,OK,3610473,414720000,
D:\碩士實驗\testdata\without_D45\KristenAndSara_720p_60_Low\KristenAndSara_720p_60_Low_hidden_test.avif,D:\碩士實驗\testdata\without_D45\KristenAndSara_720p_60_Low\KristenAndSara_720p_60_Low_hidden_test.yuv,OK,1026884,414720000,
D:\碩士實驗\testdata\without_D45\KristenAndSara_720p_60_Middle\KristenAndSara_720p_60_Middle_hidden_test.avif,D:\碩士實驗\testdata\without_D45\KristenAndSara_720p_60_Middle\KristenAndSara_720p_60_Middle_hidden_test.yuv,OK,1970866,414720000,
D:\碩士實驗\testdata\without_D45\speed_bag_1080p_30_High\speed_bag_1080p_30_High_hidden_test.avif,D:\碩士實驗\testdata\without_D45\speed_bag_1080p_30_High\speed_bag_1080p_30_High_hidden_test.yuv,OK,4179328,466560000,
D:\碩士實驗\testdata\without_D45\speed_bag_1080p_30_Low\speed_bag_1080p_30_Low_hidden_test.avif,D:\碩士實驗\testdata\without_D45\speed_bag_1080p_30_Low\speed_bag_1080p_30_Low_hidden_test.yuv,OK,778540,466560000,
D:\碩士實驗\testdata\without_D45\speed_bag_1080p_30_Middle\speed_bag_1080p_30_Middle_hidden_test.avif,D:\碩士實驗\testdata\without_D45\speed_bag_1080p_30_Middle\speed_bag_1080p_30_Middle_hidden_test.yuv,OK,2936616,466560000,
